facturas_pdf/factura_T0001.pdf,tweaver@example.com,fallido
facturas_pdf/factura_T0002.pdf,andrea30@example.net,fallido
facturas_pdf/factura_T0003.pdf,eatonmichelle@example.net,fallido
facturas_pdf/factura_T0004.pdf,eglenn@example.com,fallido
facturas_pdf/factura_T0005.pdf,ifischer@example.com,fallido
facturas_pdf/factura_T0006.pdf,lmoore@example.com,fallido
facturas_pdf/factura_T0007.pdf,tranrachel@example.org,fallido
facturas_pdf/factura_T0008.pdf,bradthompson@example.com,fallido
facturas_pdf/factura_T0009.pdf,jacksonjoshua@example.net,fallido
facturas_pdf/factura_T0010.pdf,tatedanny@example.org,fallido
